"","x"
"1",40864
"2",50644
"3",38125
"4",32254
"5",29333
"6",31701
"7",85455
"8",41458
"9",41064
"10",45795
"11",37202
"12",25521
"13",24425
"14",25520
"15",40350
"16",31025
"17",25938
"18",36826
"19",40028
"20",31571
"21",28180
"22",81971
"23",36250
"24",59250
"25",74044
"26",60219
"27",53419
"28",76886
"29",90481
"30",37284
"31",26316
"32",56972
"33",53885
"34",51915
"35",35625
"36",25951
"37",26275
"38",59444
"39",34808
"40",23784
"41",28086
"42",27708
"43",18611
"44",21311
"45",25169
"46",25748
"47",25667
"48",27941
"49",27141
"50",61708
"51",63824
"52",32762
"53",47214
"54",17228
"55",22393
"56",22417
"57",25117
"58",25375
"59",29007
"60",26832
"61",53500
"62",22384
"63",27242
"64",115893
"65",154375
"66",72096
"67",45125
"68",70109
"69",83589
"70",124261
"71",39167
"72",25253
"73",35203
"74",35000
"75",45977
"76",32438
"77",92941
"78",62434
"79",43583
"80",59267
"81",47412
"82",86019
"83",83750
"84",35058
"85",33325
"86",81229
"87",32264
"88",51760
"89",45605
"90",31609
"91",39167
"92",41796
"93",54485
"94",53897
"95",50446
"96",73565
"97",57731
"98",47188
"99",30789
"100",50278
"101",63056
"102",38333
"103",37193
"104",73571
"105",41042
"106",31773
"107",35577
"108",35718
"109",36204
"110",30709
"111",61875
"112",39286
"113",23396
"114",29783
"115",20072
"116",22107
"117",27261
"118",33836
"119",29327
"120",30315
"121",31556
"122",35691
"123",42395
"124",42639
"125",36391
"126",35451
"127",36705
"128",79375
"129",44926
"130",40827
"131",56635
"132",29857
"133",60408
"134",30239
"135",24300
"136",25219
"137",64324
"138",68792
"139",38150
"140",27351
"141",32917
"142",32072
"143",36212
"144",37847
"145",50761
"146",85833
"147",113696
"148",50526
"149",73350
"150",154375
"151",55345
"152",69812
"153",50116
"154",35313
"155",32576
"156",43021
"157",46051
"158",49617
"159",45642
"160",36458
"161",93214
"162",92955
"163",74196
"164",74103
"165",41673
"166",42778
"167",30611
"168",27339
"169",29063
"170",40850
"171",39688
"172",42446
"173",54821
"174",56212
"175",55179
"176",44531
"177",37473
"178",25964
"179",38636
"180",24894
"181",40276
"182",32742
"183",30046
"184",41063
"185",127917
"186",64542
"187",82750
"188",91875
"189",112532
"190",71438
"191",104702
"192",85357
"193",103750
"194",46929
"195",40991
"196",53953
"197",55482
"198",77273
"199",29987
"200",47532
"201",27721
"202",32096
"203",25868
"204",28137
"205",52569
"206",36681
"207",35672
"208",49611
"209",43000
"210",25258
"211",47182
"212",84028
"213",93000
"214",36400
"215",51731
"216",46250
"217",100100
"218",72500
"219",61085
"220",83250
"221",95950
"222",100272
"223",60795
"224",75697
"225",35000
"226",33967
"227",33472
"228",40952
"229",97986
"230",53398
"231",80117
"232",65313
"233",46250
"234",35250
"235",47228
"236",115469
"237",71103
"238",84972
"239",34188
"240",36532
"241",30129
"242",73110
"243",23259
"244",69634
"245",21818
"246",20332
"247",23538
"248",19329
"249",36169
"250",32542
"251",36160
"252",21818
"253",18897
"254",37068
"255",84800
"256",93125
"257",61935
"258",35806
"259",62083
"260",45328
"261",18962
"262",29659
"263",21276
"264",19436
"265",22344
"266",30974
"267",19670
"268",25545
"269",66250
"270",36014
"271",35466
"272",33362
"273",30496
"274",23160
"275",30852
"276",28649
"277",182981
"278",92944
"279",63393
"280",107250
"281",60516
"282",77452
"283",53125
"284",41743
"285",67857
"286",33646
"287",34875
"288",65875
"289",36908
"290",25913
"291",36234
"292",93243
"293",54219
"294",47250
"295",39241
"296",49063
"297",59950
"298",73250
"299",91875
"300",88011
"301",46856
"302",48618
"303",36750
"304",39127
"305",31974
"306",62813
"307",68152
"308",61528
"309",42025
"310",40906
"311",32135
"312",38075
"313",36700
"314",32179
"315",34760
"316",59196
"317",49519
"318",51813
"319",45532
"320",146532
"321",73268
"322",59541
"323",38462
"324",24961
"325",27000
"326",208594
"327",41345
"328",31696
"329",115000
"330",87679
"331",91786
"332",60739
"333",72283
"334",46935
"335",46500
"336",46491
"337",35119
"338",31784
"339",29928
"340",36611
"341",39954
"342",69464
"343",35547
"344",27173
"345",30996
"346",24548
"347",26223
"348",40306
"349",27873
"350",22370
"351",30417
"352",33184
"353",28621
"354",35354
"355",28045
"356",33843
"357",30913
"358",35844
"359",30769
"360",41472
"361",42594
"362",35577
"363",45833
"364",41426
"365",45020
"366",32103
"367",48642
"368",35349
"369",44318
"370",32667
"371",36655
"372",65139
"373",54167
"374",81771
"375",49755
"376",30352
"377",10625
"378",63311
"379",25268
"380",38996
"381",26932
"382",49432
"383",86402
"384",29393
"385",38942
"386",33636
"387",31930
"388",33261
"389",35568
"390",48556
"391",50000
"392",33986
"393",93601
"394",139083
"395",154886
"396",74391
"397",73125
"398",64149
"399",52579
"400",27449
"401",31303
"402",67917
"403",35000
"404",36066
"405",26627
"406",31396
"407",22460
"408",83676
"409",67361
"410",48125
"411",28523
"412",40475
"413",104118
"414",55120
"415",31476
"416",137045
"417",30114
"418",30076
"419",22384
"420",29907
"421",23614
"422",64904
"423",50417
"424",48367
"425",31979
"426",121250
"427",41583
"428",78260
"429",57262
"430",36536
"431",49779
"432",34408
"433",51150
"434",23969
"435",37675
"436",56523
"437",35953
"438",71607
"439",25106
"440",30625
"441",39740
"442",26343
"443",40993
"444",50087
"445",78796
"446",51477
"447",77561
"448",31420
"449",51532
"450",45271
"451",101719
"452",73810
"453",91806
"454",123831
"455",43635
"456",94167
"457",37615
"458",77350
"459",25666
"460",26724
"461",37305
"462",32386
"463",38397
"464",74808
"465",45911
"466",46582
"467",61000
"468",35163
"469",28074
"470",57212
"471",66625
"472",37064
"473",27319
"474",114351
"475",18178
"476",35969
"477",33690
"478",31233
"479",47120
"480",22083
"481",70161
"482",87500
"483",24110
"484",26843
"485",49102
"486",35850
"487",26313
"488",20330
"489",46875
"490",51835
"491",61176
"492",25417
"493",30752
"494",34922
"495",74018
"496",56727
"497",26596
"498",41541
"499",26275
"500",20396
"501",105766
"502",39762
"503",20557
"504",30861
"505",69245
"506",56731
"507",47279
"508",58333
"509",82115
"510",117321
"511",63125
"512",30302
"513",40307
"514",29643
"515",98917
"516",39342
"517",29318
"518",40804
"519",51012
"520",26063
"521",26996
"522",30663
"523",50538
"524",43750
"525",47328
"526",83125
"527",25743
"528",30016
"529",104054
"530",60877
"531",38984
"532",51875
"533",100694
"534",57321
"535",41116
"536",41849
"537",83843
"538",63750
"539",37218
"540",29944
"541",28148
"542",84514
"543",87636
"544",105436
"545",64831
"546",35288
"547",63459
"548",35290
"549",40093
"550",31592
"551",77841
"552",55398
"553",35523
"554",26724
"555",24233
"556",21987
"557",25268
"558",96250
"559",72552
"560",29816
"561",85583
"562",45000
"563",57379
"564",51964
"565",60819
"566",40441
"567",59464
"568",40516
"569",67574
"570",24275
"571",40568
"572",48231
"573",57995
"574",29250
"575",49183
"576",30890
"577",28030
"578",56806
"579",23775
"580",25044
"581",28158
"582",41014
"583",41393
"584",43278
"585",35500
"586",35438
"587",30951
"588",51198
"589",36867
"590",82857
"591",61107
"592",28357
"593",50591
"594",54773
"595",30645
"596",20670
"597",60306
"598",27226
"599",48571
"600",30000
"601",33472
"602",63906
"603",37359
"604",33750
"605",27404
"606",27813
"607",24884
"608",26867
"609",50544
"610",30896
"611",31762
"612",25705
"613",64025
"614",50093
"615",36766
"616",77237
"617",71607
"618",80260
"619",31163
"620",46377
"621",58789
"622",98831
"623",72083
"624",74020
"625",43850
"626",72019
"627",49489
"628",26777
"629",37158
"630",24086
"631",43750
"632",25992
"633",24984
"634",43528
"635",50205
"636",36188
"637",35446
"638",35822
"639",35000
"640",30496
"641",31311
"642",51579
"643",32370
"644",66611
"645",37161
"646",82292
"647",40014
"648",45648
"649",25360
"650",53664
"651",33102
"652",62321
"653",52647
"654",37203
"655",94866
"656",153167
"657",79487
"658",58856
"659",104036
"660",100833
"661",57188
"662",68617
"663",35417
"664",34430
"665",34853
"666",26121
"667",27350
"668",34583
"669",39722
"670",36032
"671",30511
"672",21365
"673",26818
"674",28578
"675",30515
"676",22227
"677",23750
"678",25597
"679",23142
"680",25278
"681",26214
"682",29756
"683",190536
"684",193281
"685",165054
"686",250001
"687",41897
"688",55532
"689",100399
"690",93450
"691",97603
"692",101250
"693",73899
"694",121875
"695",70190
"696",105108
"697",102885
"698",134375
"699",81027
"700",29506
"701",31328
"702",35202
"703",51250
"704",37390
"705",41328
"706",20252
"707",105494
"708",45168
"709",38955
"710",22572
"711",22479
"712",38125
"713",29327
"714",21353
"715",94471
"716",63673
"717",79188
"718",126683
"719",124911
"720",38047
"721",53476
"722",50778
"723",64399
"724",79568
"725",101250
"726",94167
"727",46633
"728",73917
"729",80372
"730",68239
"731",73099
"732",158125
"733",69396
"734",87313
"735",126544
"736",72430
"737",35750
"738",33194
"739",57971
"740",27045
"741",35821
"742",101463
"743",66949
"744",67151
"745",75253
"746",27399
"747",45161
"748",31631
"749",40319
"750",28850
"751",22930
"752",23839
"753",30068
"754",30787
"755",23558
"756",37684
"757",39295
"758",137036
"759",60821
"760",91442
"761",32328
"762",51150
"763",46635
"764",42000
"765",31344
"766",26389
"767",56010
"768",38519
"769",108468
"770",70029
"771",25625
"772",40417
"773",130690
"774",80685
"775",37141
"776",60288
"777",27543
"778",36350
"779",29669
"780",51389
"781",26185
"782",72415
"783",58798
"784",94004
"785",22024
"786",36051
"787",24477
"788",25363
"789",21910
"790",19877
"791",25355
"792",19978
"793",26097
"794",23880
"795",21804
"796",46940
"797",30338
"798",41176
"799",24127
"800",53125
"801",128571
"802",93594
"803",51484
"804",44855
"805",36929
"806",47115
"807",31512
"808",102404
"809",46976
"810",70625
"811",61016
"812",92143
"813",42002
"814",41494
"815",42401
"816",42147
"817",36389
"818",36398
"819",38488
"820",231818
"821",139886
"822",101421
"823",181771
"824",104893
"825",86023
"826",73906
"827",78838
"828",40508
"829",63750
"830",81985
"831",92458
"832",93333
"833",100625
"834",53220
"835",25571
"836",39034
"837",31422
"838",80000
"839",61528
"840",74821
"841",91733
"842",55320
"843",164327
"844",121154
"845",123417
"846",66471
"847",102899
"848",51750
"849",104215
"850",96172
"851",63676
"852",100739
"853",43571
"854",51481
"855",48250
"856",41661
"857",29422
"858",31023
"859",35700
"860",50545
"861",71250
"862",62773
"863",58500
"864",79702
"865",106754
"866",189265
"867",83295
"868",47083
"869",31730
"870",36577
"871",28906
"872",39554
"873",52364
"874",26960
"875",31829
"876",38385
"877",46590
"878",66042
"879",49750
"880",170147
"881",147411
"882",155094
"883",125795
"884",75000
"885",50503
"886",70156
"887",41404
"888",50270
"889",40585
"890",103646
"891",64831
"892",79677
"893",51202
"894",78796
"895",50088
"896",49856
"897",50500
"898",47173
"899",39953
"900",49464
"901",43388
"902",2499
"903",55926
"904",51250
"905",38125
"906",83589
"907",76125
"908",32442
"909",30500
"910",27034
"911",25781
"912",32458
"913",27471
"914",102422
"915",52109
"916",37128
"917",106413
"918",72361
"919",48250
"920",39028
"921",40059
"922",45733
"923",90313
"924",81429
"925",46976
"926",36250
"927",65398
"928",45792
"929",84506
"930",103750
"931",88750
"932",122206
"933",82545
"934",82273
"935",77532
"936",52500
"937",41744
"938",36577
"939",37313
"940",36189
"941",37143
"942",78220
"943",43056
"944",100036
"945",94500
"946",73008
"947",78633
"948",27282
"949",39000
"950",60859
"951",35616
"952",51196
"953",39023
"954",32841
"955",32462
"956",35360
"957",42181
"958",35994
"959",35950
"960",62286
"961",34129
"962",42375
"963",19265
"964",50714
"965",45503
"966",50893
"967",59500
"968",64535
"969",69859
"970",41446
"971",46689
"972",41905
"973",38004
"974",30904
"975",31957
"976",27286
"977",20427
"978",25255
"979",23174
"980",25728
"981",26148
"982",30208
"983",30137
"984",36596
"985",30679
"986",32056
"987",30655
"988",27665
"989",30128
"990",24057
"991",33074
"992",24858
"993",27375
"994",28633
"995",35817
"996",35326
"997",31976
"998",31211
"999",31033
"1000",38092
"1001",27255
"1002",27159
"1003",35332
"1004",35417
"1005",46935
"1006",40264
"1007",45136
"1008",55417
"1009",46250
"1010",46000
"1011",62315
"1012",40432
"1013",38375
"1014",41458
"1015",32324
"1016",37008
"1017",41830
"1018",48304
"1019",27098
"1020",32813
"1021",60281
"1022",36858
"1023",94741
"1024",82264
"1025",73281
"1026",70699
"1027",46765
"1028",53141
"1029",42198
"1030",31643
"1031",41779
"1032",41173
"1033",57071
"1034",61764
"1035",82847
"1036",31250
"1037",67198
"1038",37298
"1039",47708
"1040",83886
"1041",81536
"1042",81305
"1043",78787
"1044",68698
"1045",36346
"1046",26308
"1047",51901
"1048",28250
"1049",101455
"1050",47022
"1051",28576
"1052",26134
"1053",30846
"1054",36583
"1055",26537
"1056",32447
"1057",31225
"1058",41491
"1059",35393
"1060",109886
"1061",42331
"1062",41440
"1063",74455
"1064",51898
"1065",53304
"1066",37961
"1067",121111
"1068",27179
"1069",69294
"1070",66250
"1071",37593
"1072",36962
"1073",47314
"1074",50192
"1075",60915
"1076",80156
"1077",53150
"1078",93750
"1079",32306
"1080",60170
"1081",26925
"1082",32200
"1083",36512
"1084",32043
"1085",32708
"1086",50690
"1087",35404
"1088",57132
"1089",81842
"1090",76818
"1091",69844
"1092",90313
"1093",84352
"1094",103199
"1095",43015
"1096",45648
"1097",40400
"1098",116645
"1099",24792
"1100",42422
"1101",41858
"1102",38988
"1103",42656
"1104",41658
"1105",39041
"1106",60234
"1107",51067
"1108",62250
"1109",89279
"1110",70674
"1111",109770
"1112",112083
"1113",51067
"1114",55714
"1115",41905
"1116",50533
"1117",61349
"1118",52063
"1119",67098
"1120",88452
"1121",72875
"1122",31365
"1123",25663
"1124",34539
"1125",40291
"1126",27378
"1127",31756
"1128",26813
"1129",64872
"1130",53472
"1131",74099
"1132",44306
"1133",41754
"1134",46364
"1135",46976
"1136",37198
"1137",41728
"1138",37240
"1139",39406
"1140",91921
"1141",26989
"1142",75156
"1143",54792
"1144",51957
"1145",52489
"1146",30234
"1147",44854
"1148",31237
"1149",58900
"1150",56745
"1151",25421
"1152",36955
"1153",33558
"1154",32147
"1155",26458
"1156",41375
"1157",58277
"1158",111071
"1159",32283
"1160",41189
"1161",67297
"1162",82361
"1163",84941
"1164",97381
"1165",95219
"1166",92656
"1167",36731
"1168",42150
"1169",32098
"1170",45741
"1171",30880
"1172",37656
"1173",28080
"1174",49289
"1175",42083
"1176",37321
"1177",24286
"1178",53289
"1179",128389
"1180",242250
"1181",136146
"1182",86083
"1183",52049
"1184",45698
"1185",76705
"1186",73385
"1187",93920
"1188",77500
"1189",250001
"1190",103736
"1191",206414
"1192",104309
"1193",130663
"1194",88750
"1195",64342
"1196",112042
"1197",81680
"1198",96011
"1199",87277
"1200",92552
"1201",68470
"1202",69866
"1203",61875
"1204",76504
"1205",38733
"1206",79570
"1207",43365
"1208",40324
"1209",37979
"1210",35313
"1211",53684
"1212",69107
"1213",70662
"1214",50662
"1215",41067
"1216",41867
"1217",93024
"1218",103125
"1219",84130
"1220",119866
"1221",127841
"1222",137333
"1223",39745
"1224",51212
"1225",70902
"1226",62500
"1227",55709
"1228",103526
"1229",36061
"1230",44412
"1231",66250
"1232",67380
"1233",87143
"1234",108676
"1235",55417
"1236",29493
"1237",61442
"1238",25871
"1239",18877
"1240",94831
"1241",83036
"1242",88446
"1243",112552
"1244",22847
"1245",65703
"1246",85417
"1247",102705
"1248",120313
"1249",73839
"1250",47222
"1251",61591
"1252",37656
"1253",28547
"1254",38361
"1255",26953
"1256",29625
"1257",33389
"1258",92822
"1259",43603
"1260",74207
"1261",50487
"1262",73750
"1263",68636
"1264",100208
"1265",118594
"1266",75536
"1267",101172
"1268",70463
"1269",64044
"1270",81760
"1271",112037
"1272",98250
"1273",34500
"1274",25034
"1275",22712
"1276",22426
"1277",22798
"1278",28359
"1279",29123
"1280",23885
"1281",26727
"1282",26218
"1283",23885
"1284",42196
"1285",35089
"1286",58382
"1287",60430
"1288",35104
"1289",26284
"1290",28269
"1291",30590
"1292",25941
"1293",39756
"1294",43895
"1295",31463
"1296",22177
"1297",22452
"1298",25803
"1299",24846
"1300",31690
"1301",26657
"1302",24732
"1303",20938
"1304",24028
"1305",199583
"1306",29676
"1307",30148
"1308",126211
"1309",109219
"1310",100417
"1311",77000
"1312",51548
"1313",37132
"1314",42355
"1315",42721
"1316",52361
"1317",46923
"1318",36384
"1319",30032
"1320",29479
"1321",29706
"1322",34940
"1323",31030
"1324",36861
"1325",24206
"1326",25652
"1327",52250
"1328",40560
"1329",30045
"1330",28325
"1331",20662
"1332",28659
"1333",37314
"1334",24955
"1335",24277
"1336",80658
"1337",65938
"1338",24229
"1339",20100
"1340",23929
"1341",64688
"1342",100476
"1343",24518
"1344",27064
"1345",48160
"1346",17290
"1347",19313
"1348",18812
"1349",23462
"1350",20537
"1351",26395
"1352",69708
"1353",65898
"1354",68333
"1355",79511
"1356",92650
"1357",93015
"1358",33333
"1359",43875
"1360",33030
"1361",24821
"1362",22273
"1363",21057
"1364",30903
"1365",31394
"1366",30197
"1367",22295
"1368",22673
"1369",162941
"1370",250001
"1371",250001
"1372",207606
"1373",250001
"1374",197841
"1375",208594
"1376",43600
"1377",117917
"1378",79041
"1379",90911
"1380",73750
"1381",85987
"1382",84667
"1383",110469
"1384",30984
"1385",41103
"1386",34779
"1387",30031
"1388",51672
"1389",41768
"1390",130263
"1391",41544
"1392",41362
"1393",85104
"1394",61207
"1395",86761
"1396",56902
"1397",72724
"1398",77500
"1399",101071
"1400",125063
"1401",54273
"1402",46207
"1403",35625
"1404",40156
"1405",34054
"1406",38105
"1407",42459
"1408",45234
"1409",56696
"1410",65861
"1411",41672
"1412",38704
"1413",42432
"1414",29231
"1415",62667
"1416",103208
"1417",113667
"1418",71536
"1419",81818
"1420",73359
"1421",48125
"1422",41959
"1423",88125
"1424",46875
"1425",56563
"1426",34143
"1427",32933
"1428",39394
"1429",37000
"1430",30354
"1431",30817
"1432",24719
"1433",33542
"1434",43875
"1435",82743
"1436",67813
"1437",119583
"1438",60926
"1439",38553
"1440",51037
"1441",36352
"1442",43606
"1443",44142
"1444",39258
"1445",51442
"1446",97794
"1447",41303
"1448",51875
"1449",35602
"1450",24784
"1451",43144
"1452",25864
"1453",39483
"1454",36462
"1455",35297
"1456",46357
"1457",65123
"1458",68393
"1459",62113
"1460",65189
"1461",50188
"1462",50121
"1463",49839
"1464",47417
"1465",26542
"1466",27813
"1467",78656
"1468",30032
"1469",91216
"1470",74167
"1471",64468
"1472",81037
"1473",81333
"1474",63317
"1475",60778
"1476",53065
"1477",53029
"1478",36739
"1479",37216
"1480",30412
"1481",109615
"1482",63938
"1483",56949
"1484",82102
"1485",93333
"1486",64063
"1487",50208
"1488",66172
"1489",33177
"1490",50943
"1491",61360
"1492",36034
"1493",45568
"1494",35792
"1495",35294
"1496",31477
"1497",31536
"1498",58750
"1499",37161
"1500",48345
"1501",70168
"1502",48821
"1503",42865
"1504",30516
"1505",129083
"1506",72361
"1507",128778
"1508",104971
"1509",40505
"1510",36467
"1511",33662
"1512",34194
"1513",76250
"1514",60833
"1515",84138
"1516",52045
"1517",75127
"1518",46163
"1519",62375
"1520",93542
"1521",73333
"1522",73691
"1523",40299
"1524",36852
"1525",35536
"1526",31727
"1527",39643
"1528",30109
"1529",30074
"1530",30491
"1531",82050
"1532",73873
"1533",91000
"1534",84784
"1535",89211
"1536",128125
"1537",79211
"1538",33239
"1539",31969
"1540",30044
"1541",25112
"1542",53164
"1543",66463
"1544",29738
"1545",46717
"1546",82653
"1547",28750
"1548",26200
"1549",27667
"1550",26533
"1551",29342
"1552",29559
"1553",31240
"1554",26113
"1555",26667
"1556",27823
"1557",30179
"1558",38688
"1559",26824
"1560",40644
"1561",46510
"1562",59031
"1563",80500
"1564",100500
"1565",23664
"1566",25893
"1567",50250
"1568",41838
"1569",50702
"1570",52582
"1571",42794
"1572",40211
"1573",42829
"1574",35763
"1575",47917
"1576",34615
"1577",40000
"1578",34240
"1579",41324
"1580",30910
"1581",30061
"1582",28308
"1583",27635
"1584",37013
"1585",49301
"1586",26484
"1587",28439
"1588",35686
"1589",27326
"1590",30738
"1591",26667
"1592",48203
"1593",34570
"1594",38750
"1595",44418
"1596",39688
"1597",49088
"1598",31509
"1599",47541
"1600",45033
"1601",44145
"1602",36957
"1603",38284
"1604",37490
"1605",36127
"1606",47863
"1607",56419
"1608",53176
"1609",37222
"1610",59605
"1611",32218
"1612",56944
"1613",46333
"1614",62750
"1615",69315
"1616",58646
"1617",41150
"1618",34926
"1619",42391
"1620",35521
"1621",31794
"1622",32308
"1623",43913
"1624",49130
"1625",46563
"1626",53094
"1627",37969
"1628",52974
"1629",32473
"1630",40503
"1631",30807
"1632",33804
"1633",41010
"1634",28235
"1635",31588
"1636",43446
"1637",62267
"1638",42323
"1639",36779
"1640",46591
"1641",34291
"1642",27142
"1643",33750
"1644",30169
"1645",35014
"1646",35163
"1647",31476
"1648",35618
"1649",37826
"1650",28355
"1651",66289
"1652",82413
"1653",71250
"1654",44269
"1655",29182
"1656",25935
"1657",51474
"1658",31125
"1659",28579
"1660",37821
"1661",51016
"1662",31169
"1663",48490
"1664",37057
"1665",42402
"1666",43977
"1667",35120
"1668",41429
"1669",41393
"1670",201188
"1671",104468
"1672",67905
"1673",115774
"1674",126250
"1675",97354
"1676",120426
"1677",103640
"1678",66250
"1679",69359
"1680",61672
"1681",52941
"1682",95417
"1683",56641
"1684",74671
"1685",86273
"1686",80513
"1687",177375
"1688",210893
"1689",31297
"1690",31491
"1691",80292
"1692",37083
"1693",31000
"1694",51566
"1695",41655
"1696",40616
"1697",58214
"1698",84205
"1699",57011
"1700",64692
"1701",55387
"1702",35217
"1703",61250
"1704",42177
"1705",94837
"1706",80658
"1707",57946
"1708",64125
"1709",31096
"1710",41723
"1711",70216
"1712",19914
"1713",85603
"1714",60938
"1715",61446
"1716",65902
"1717",24514
"1718",60417
"1719",74750
"1720",36433
"1721",51324
"1722",43682
"1723",39531
"1724",42301
"1725",51488
"1726",62394
"1727",77396
"1728",34832
"1729",65677
"1730",30033
"1731",134625
"1732",71350
"1733",72143
"1734",81250
"1735",38077
"1736",77821
"1737",57994
"1738",51055
"1739",51000
"1740",72305
"1741",104090
"1742",37038
"1743",28417
"1744",47500
"1745",24808
"1746",31733
"1747",29500
"1748",48627
"1749",40148
"1750",33159
"1751",36463
"1752",62039
"1753",97042
"1754",35672
"1755",107067
"1756",120100
"1757",127353
"1758",156058
"1759",68594
"1760",37462
"1761",36639
"1762",37500
"1763",36875
"1764",25333
"1765",72419
"1766",86815
"1767",42375
"1768",35743
"1769",21969
"1770",30740
"1771",58190
"1772",22118
"1773",42236
"1774",19536
"1775",25557
"1776",76125
"1777",73803
"1778",30931
"1779",29795
"1780",22180
"1781",26979
"1782",22427
"1783",36716
"1784",32434
"1785",22467
"1786",28523
"1787",21022
"1788",250001
"1789",35867
"1790",48480
"1791",24453
"1792",53631
"1793",44883
"1794",45565
"1795",35829
"1796",59076
"1797",33370
"1798",30021
"1799",31635
"1800",31042
"1801",44099
"1802",128875
"1803",79271
"1804",90525
"1805",60639
"1806",90833
"1807",31403
"1808",30667
"1809",36480
"1810",26010
"1811",31449
"1812",26797
"1813",32466
"1814",25986
"1815",41534
"1816",50137
"1817",51952
"1818",39813
"1819",52044
"1820",85046
"1821",126471
"1822",160143
"1823",43034
"1824",62669
"1825",91118
"1826",33173
"1827",76830
"1828",47148
"1829",66210
"1830",88750
"1831",49412
"1832",78021
"1833",31601
"1834",57093
"1835",35189
"1836",32386
"1837",59563
"1838",81296
"1839",94279
"1840",89038
"1841",114590
"1842",162222
"1843",150302
"1844",83851
"1845",53438
"1846",139886
"1847",81417
"1848",29806
"1849",53261
"1850",50224
"1851",73036
"1852",29019
"1853",45449
"1854",29960
"1855",30455
"1856",46313
"1857",61174
"1858",47102
"1859",37288
"1860",105625
"1861",51250
"1862",31310
"1863",26658
"1864",20343
"1865",102742
"1866",36117
"1867",38619
"1868",29205
"1869",37105
"1870",19481
"1871",17459
"1872",25708
"1873",32222
"1874",38818
"1875",42489
"1876",93125
"1877",45545
"1878",88125
"1879",25732
"1880",84871
"1881",69063
"1882",167083
"1883",26281
"1884",31987
"1885",26797
"1886",144561
"1887",44479
"1888",65625
"1889",106042
"1890",30730
"1891",34688
"1892",37917
"1893",35682
"1894",116250
"1895",60417
"1896",71741
"1897",31181
"1898",50188
"1899",65856
"1900",46250
"1901",40613
"1902",83333
"1903",61550
"1904",28750
"1905",41229
"1906",27418
"1907",37708
"1908",48150
"1909",34038
"1910",72429
"1911",42143
"1912",52315
"1913",29125
"1914",31705
"1915",30723
"1916",51034
"1917",54904
"1918",186429
"1919",28621
"1920",25053
"1921",69899
"1922",65028
"1923",42222
"1924",101458
"1925",110000
"1926",77232
"1927",71420
"1928",54018
"1929",17052
"1930",65114
"1931",61823
"1932",55085
"1933",36650
"1934",40964
"1935",51336
"1936",68615
"1937",31643
"1938",22385
"1939",29471
"1940",63472
"1941",77458
"1942",29329
"1943",84625
"1944",64236
"1945",61364
"1946",42361
"1947",32304
"1948",28716
"1949",46555
"1950",31667
"1951",40239
"1952",62734
"1953",41250
"1954",35538
"1955",69688
"1956",60850
"1957",60556
"1958",61779
"1959",32847
"1960",49214
"1961",50243
"1962",39732
"1963",60393
"1964",64070
"1965",51023
"1966",83681
"1967",67784
"1968",42973
"1969",68000
"1970",113833
"1971",52537
"1972",30114
"1973",35497
"1974",58226
"1975",32500
"1976",78981
"1977",68611
"1978",30213
"1979",182273
"1980",75438
"1981",42663
"1982",36951
"1983",60819
"1984",103920
"1985",42117
"1986",37315
"1987",51528
"1988",26673
"1989",51616
"1990",67125
"1991",26845
"1992",46944
"1993",37181
"1994",29783
"1995",39453
"1996",19559
"1997",56627
"1998",25256
"1999",26516
"2000",26202
"2001",209375
"2002",108667
"2003",155263
"2004",47281
"2005",30259
"2006",23582
"2007",24609
"2008",27198
"2009",32294
"2010",29519
"2011",36059
"2012",39858
"2013",45357
"2014",88333
"2015",123494
"2016",60333
"2017",36094
"2018",121588
"2019",88262
"2020",22294
"2021",78427
"2022",34960
"2023",25741
"2024",107656
"2025",55625
"2026",31779
"2027",60222
"2028",48239
"2029",103796
"2030",50246
"2031",140208
"2032",152202
"2033",92518
"2034",66250
"2035",134000
"2036",53155
"2037",61542
"2038",72132
"2039",51625
"2040",100987
"2041",202500
"2042",71250
"2043",27790
"2044",34226
"2045",28317
"2046",59243
"2047",35744
"2048",80172
"2049",29750
"2050",33654
"2051",214911
"2052",92578
"2053",51213
"2054",46364
"2055",49407
"2056",53438
"2057",61333
"2058",49803
"2059",71900
"2060",36596
"2061",26849
"2062",25231
"2063",50802
"2064",38438
"2065",40039
"2066",28411
"2067",25978
"2068",38636
"2069",79333
"2070",72354
"2071",32413
"2072",44314
"2073",71815
"2074",102069
"2075",104886
"2076",40072
"2077",73068
"2078",67794
"2079",92595
"2080",122744
"2081",89432
"2082",90775
"2083",41635
"2084",55521
"2085",84792
"2086",26891
"2087",32440
"2088",46442
"2089",28929
"2090",31085
"2091",35635
"2092",27234
"2093",20025
"2094",30809
"2095",61591
"2096",27447
"2097",26959
"2098",29464
"2099",181417
"2100",42604
"2101",27043
"2102",40776
"2103",102886
"2104",102813
"2105",42829
"2106",71573
"2107",35347
"2108",37917
"2109",94167
"2110",52632
"2111",59211
"2112",44764
"2113",70056
"2114",29590
"2115",42847
"2116",42401
"2117",46563
"2118",32368
"2119",24623
"2120",24695
"2121",23363
"2122",71536
"2123",65114
"2124",29196
"2125",55758
"2126",30833
"2127",33571
"2128",48917
"2129",27183
"2130",38068
"2131",81442
"2132",100556
"2133",92685
"2134",156310
"2135",55536
"2136",68354
"2137",52407
"2138",146912
"2139",81064
"2140",83011
"2141",73056
"2142",43938
"2143",50145
"2144",61828
"2145",61027
"2146",36221
"2147",25043
"2148",28692
"2149",29000
"2150",33295
"2151",39306
"2152",33750
"2153",36368
"2154",36156
"2155",52949
"2156",41378
"2157",43217
"2158",31492
"2159",72946
"2160",64525
"2161",25511
"2162",31324
"2163",30091
"2164",250001
"2165",35696
"2166",45647
"2167",37700
"2168",36586
"2169",70799
"2170",107679
"2171",32124
"2172",49308
"2173",32445
"2174",83315
"2175",24668
"2176",71500
"2177",27464
"2178",43814
"2179",30565
"2180",23472
"2181",26416
"2182",59500
"2183",51005
"2184",27944
"2185",57121
"2186",27926
"2187",42351
"2188",31837
"2189",40094
"2190",30743
"2191",35295
"2192",34107
"2193",133750
"2194",28922
"2195",32486
"2196",36625
"2197",47097
"2198",55500
"2199",26538
"2200",31716
"2201",26853
"2202",50000
"2203",40679
"2204",34121
"2205",21565
"2206",50673
"2207",107042
"2208",42464
"2209",68491
"2210",53393
"2211",30142
"2212",26250
"2213",35598
"2214",61681
"2215",45167
"2216",73750
"2217",30485
"2218",32321
"2219",53958
"2220",50044
"2221",50707
"2222",50481
"2223",29837
"2224",42976
"2225",28919
"2226",92551
"2227",31236
"2228",38555
"2229",30625
"2230",47083
"2231",90114
"2232",36111
"2233",23225
"2234",27500
"2235",31250
"2236",90313
"2237",35606
"2238",119231
"2239",25485
"2240",56111
"2241",38359
"2242",30122
"2243",82292
"2244",36202
"2245",26156
"2246",91797
"2247",34141
"2248",79688
"2249",127212
"2250",26823
"2251",31139
"2252",41792
"2253",50115
"2254",60355
"2255",27243
"2256",82105
"2257",25734
"2258",61118
"2259",52462
"2260",44063
"2261",61705
"2262",78079
"2263",24191
"2264",31103
"2265",26550
"2266",79786
"2267",46061
"2268",31671
"2269",83750
"2270",31023
"2271",43158
"2272",50938
"2273",125573
"2274",76912
"2275",50038
"2276",53929
"2277",56630
"2278",106429
"2279",41974
"2280",52188
"2281",32103
"2282",58750
"2283",28864
"2284",52619
"2285",34241
"2286",26818
"2287",25278
"2288",51789
"2289",62917
"2290",32229
"2291",31133
"2292",30293
"2293",77188
"2294",27429
"2295",36475
"2296",33690
"2297",42411
"2298",47829
"2299",32100
"2300",33494
"2301",103485
"2302",26842
